{
  "$schema": "./node_modules/@angular/cli/lib/config/schema.json",
  "project": {
    "version": "1.0.0-beta.17",
    "name": "orac-cli"
  },
  "apps": [
    {
      "root": "src",
      "outDir": "dist",
      "assets": ["assets", "browserSupport.html",
                { "glob": "**/*", "input": "../node_modules/jquery/dist", "output": "./cirdan/jquery/" },
                { "glob": "*.js", "input": "assets/charts/flot", "output": "./cirdan/flot/" }
      ],
      "index": "index.html",
      "main": "main.ts",
      "polyfills": "polyfills.ts",
      "test": "test.ts",
      "tsconfig": "tsconfig.json",
      "prefix": "",
      "mobile": false,
      "styles": [
        "assets/theme/css/icons/icomoon/styles.css",
        "assets/theme/css/icons/fontawesome/styles.min.css",
        "assets/theme/css/bootstrap.css",
        "assets/theme/css/core.css",
        "assets/theme/css/components.css",
        "assets/theme/css/colors.css",
        "../node_modules/slick-carousel/slick/slick.css",
        "../node_modules/slick-carousel/slick/slick-theme.css",
        "../node_modules/font-awesome/css/font-awesome.min.css",
        "../node_modules/bootstrap-datepicker/dist/css/bootstrap-datepicker.standalone.css",
        "../node_modules/bootstrap-timepicker/css/bootstrap-timepicker.css",
        "../node_modules/angular2-toaster/toaster.css",
        "styles.scss"
      ],
      "scripts": [
        "../node_modules/jquery/dist/jquery.js",
        "../node_modules/tether/dist/js/tether.min.js",
        "../node_modules/bootstrap/dist/js/bootstrap.js",
        "../node_modules/bootstrap-datepicker/dist/js/bootstrap-datepicker.js",
        "../node_modules/bootstrap-timepicker/js/bootstrap-timepicker.js",
        "../node_modules/moment/min/moment-with-locales.js",
        "../node_modules/moment/locale/en-gb.js",
        "../node_modules/moment/locale/en-au.js",
        "../node_modules/slick-carousel/slick/slick.min.js"
      ],
      "environmentSource": "environments/environment.ts",
      "environments": {
        "dev": "environments/environment.ts",
        "prod": "environments/environment.prod.ts"
      }
    }
  ],
  "addons": [
    "../node_modules/font-awesome/fonts/*.+(otf|eot|svg|ttf|woff|woff2)",
    "../node_modules/bootstrap/dist/fonts/*.+(otf|eot|svg|ttf|woff|woff2)"
  ],
  "packages": [],
  "e2e": {
    "protractor": {
      "config": "./protractor.conf.js"
    }
  },
  "lint": [
    {
      "files": "src/**/*.ts",
      "project": "src/tsconfig.app.json"
    },
    {
      "files": "src/**/*.ts",
      "project": "src/tsconfig.spec.json"
    },
    {
      "files": "e2e/**/*.ts",
      "project": "e2e/tsconfig.e2e.json"
    }
  ],
  "test": {
    "karma": {
      "config": "./karma.conf.js"
    }
  },
  "defaults": {
    "styleExt": "scss",
    "prefixInterfaces": false
  }
}
